,Cód.IES,"Nome da IES","Sigla da IES","Org. Acadêmica","Categ. Administrativa","UF da IES","Nr. de Cursos com CPC no Triênio","alfa (Proporção de Graduandos)","Conceito médio da Graduação","beta (Proporção de Mestrandos - Equivalente)","Conceito Médio do Mestrado","gama (Proporção de Doutorandos - Equivalente)","Conceito Médio do doutorado","IGC (Contínuo)","IGC (faixa)",Observação
2016,1,"UNIVERSIDADE FEDERAL DE MATO GROSSO",UFMT,Universidade,"Pessoa Jurídica de Direito Público - Federal",MT,84,"0,827423632144928","2,772902679894063","0,12010540068149567","4,280649038461539","0,052470989525318146","4,601941747572815","3,0499627121566504",4,
2016,2,"UNIVERSIDADE DE BRASÍLIA",UNB,Universidade,"Pessoa Jurídica de Direito Público - Federal",DF,63,"0,5425162315368652","3,3984899327390172","0,2336765080690384","4,539720558882234","0,22380727529525757","4,707910208444683","3,9582265551211027",5,
2016,3,"UNIVERSIDADE FEDERAL DE SERGIPE",UFS,Universidade,"Pessoa Jurídica de Direito Público - Federal",SE,74,"0,8294312357902527","2,8414170301640618","0,1098441407084465","4,274500475737393","0,0607246458530426","4,6421319796954315","3,108180690909756",4,
2016,4,"UNIVERSIDADE FEDERAL DO AMAZONAS",UFAM,Universidade,"Pessoa Jurídica de Direito Público - Federal",AM,75,"0,8766589760780334","2,6506271704261337","0,08281419426202774","4,2143691588785055","0,04052681475877762","4,459134615384616","2,853420209947798",3,
2016,5,"UNIVERSIDADE FEDERAL DO PIAUÍ",UFPI,Universidade,"Pessoa Jurídica de Direito Público - Federal",PI,71,"0,8750689029693604","2,6172527292145995","0,08355686068534851","4,18659420289855","0,041374243795871735","4,668049792531121","2,833232173272517",3,
2016,6,"UNIVERSIDADE FEDERAL DE OURO PRETO",UFOP,Universidade,"Pessoa Jurídica de Direito Público - Federal",MG,40,"0,7991475462913513","3,144858261358479","0,1375865787267685","4,37765505522515","0,0632658526301384","4,662698412698411","3,4105019355296426",4,
2016,7,"UNIVERSIDADE FEDERAL DE SÃO CARLOS",UFSCAR,Universidade,"Pessoa Jurídica de Direito Público - Federal",SP,49,"0,48959770798683167","3,2808639927618457","0,22617721557617188","4,502963255630185","0,28422507643699646","4,817796610169494","3,9941097918563004",5,
2016,8,"UNIVERSIDADE FEDERAL DE VIÇOSA",UFV,Universidade,"Pessoa Jurídica de Direito Público - Federal",MG,62,"0,5471420288085938","3,3582618411745178","0,2095399647951126","4,626679462571977","0,24331800639629364","4,899745385105028","3,9991167277095068",5,
2016,9,"UNIVERSIDADE ESTADUAL DE LONDRINA",UEL,Universidade,"Pessoa Jurídica de Direito Público - Estadual",PR,45,"0,66741943359375","3,1026560418821907","0,19113118946552277","4,472323759791123","0,14144939184188843","4,77205153617443","3,6005772856230567",4,
2016,10,"PONTIFÍCIA UNIVERSIDADE CATÓLICA DO PARANÁ",PUCPR,Universidade,"Privada sem fins lucrativos",PR,75,"0,8559688329696655","2,7448710355164825","0,07801689207553864","4,646629213483146","0,06601429730653763","4,764275256222547","3,026549910001096",4,
2016,11,"UNIVERSIDADE CATÓLICA DE PERNAMBUCO",UNICAP,Universidade,"Privada sem fins lucrativos",PE,25,"0,9126096367835999","2,523587366358197","0,058361053466796875","4,359050445103858","0,029029332101345062","4,5","2,6880809203510596",3,
2016,12,"UNIVERSIDADE FEDERAL DO RIO GRANDE",FURG,Universidade,"Pessoa Jurídica de Direito Público - Federal",RS,39,"0,702663242816925","2,7598615202071266","0,1680043786764145","4,3796561604584525","0,12933236360549927","4,752717391304348","3,2897348313348953",4,
2016,13,"UNIVERSIDADE DE CAXIAS DO SUL",UCS,Universidade,"Privada sem fins lucrativos",RS,101,"0,9466418027877808","2,71925938886007","0,03839552402496338","4,361809045226131","0,014962686225771904","4,745341614906833","2,812641611724327",3,
2016,14,"UNIVERSIDADE DO VALE DO RIO DOS SINOS",UNISINOS,Universidade,"Privada sem fins lucrativos",RS,58,"0,8130261898040771","3,2358438106883365","0,10356123745441437","4,602775693923482","0,08341258764266968","4,859813084112149","3,5128644955983583",4,
2016,15,"UNIVERSIDADE CATÓLICA DE PETRÓPOLIS",UCP,Universidade,"Privada sem fins lucrativos",RJ,22,"0,8909524083137512","2,3732046340747583","0,0895238071680069","4,12251655629139","0,019523808732628822","4,5","2,5713329006794368",3,
2016,17,"UNIVERSIDADE FEDERAL DE UBERLÂNDIA",UFU,Universidade,"Pessoa Jurídica de Direito Público - Federal",MG,71,"0,6680389642715454","3,11115964706114","0,18099410831928253","4,489265070189925","0,15096691250801086","4,804642857142858","3,616248494540603",4,
2016,18,"UNIVERSIDADE CATÓLICA DE PELOTAS",UCPEL,Universidade,"Privada sem fins lucrativos",RS,24,"0,835896372795105","2,566687171331477","0,08377175033092499","4,696531791907514","0,08033184707164764","4,888111888111888","2,9315922419735445",3,
2016,19,"PONTIFÍCIA UNIVERSIDADE CATÓLICA DE CAMPINAS",PUC-CAMPINAS,Universidade,"Privada sem fins lucrativos",SP,41,"0,9589658379554749","2,502620724764951","0,027039848268032074","4,383720930232558","0,01399430725723505","4,75531914893617","2,5850103264882702",3,
2016,20,"UNIVERSIDADE DE PASSO FUNDO",UPF,Universidade,"Privada sem fins lucrativos",RS,84,"0,9223130345344543","2,507462176341405","0,056290119886398315","4,199863574351977","0,021396828815340996","4,499999999999999","2,645361602617633",3,
2016,21,"PONTIFÍCIA UNIVERSIDADE CATÓLICA DO RIO GRANDE DO SUL",PUCRS,Universidade,"Privada sem fins lucrativos",RS,46,"0,7207121253013611","2,9466251816253655","0,12649637460708618","4,878810408921933","0,15279151499271393","4,911153846153847","3,491202962755807",4,
2016,22,"UNIVERSIDADE PRESBITERIANA MACKENZIE",MACKENZIE,Universidade,"Pessoa Jurídica de Direito Privado - Sem fins lucrativos - Fundação",SP,40,"0,9082140326499939","2,8795979571013826","0,05707768723368645","4,736309523809524","0,03470829129219055","4,837923728813559","3,053544932700723",4,
2016,23,"UNIVERSIDADE FEEVALE",FEEVALE,Universidade,"Privada sem fins lucrativos",RS,41,"0,9579740762710571","3,0168306877119035","0,025935228914022446","4,334061135371179","0,01609070599079132","4,721649484536083","3,07842513264745",4,
2016,24,"UNIVERSIDADE ESTADUAL DE SANTA CRUZ",UESC,Universidade,"Pessoa Jurídica de Direito Público - Estadual",BA,25,"0,7677204012870789","2,8731713141313406","0,1484317183494568","4,291831357048748","0,08384786546230316","4,627906976744186","3,230876259002364",4,
2016,27,"UNIVERSIDADE VALE DO RIO VERDE",UNINCOR,Universidade,"Privada sem fins lucrativos",MG,20,"0,9904923439025879","2,592607859556948","0,009507640264928341",4,0,0,"2,605988796692546",3,
2016,29,"UNIVERSIDADE ESTADUAL DO CEARÁ",UECE,Universidade,"Pessoa Jurídica de Direito Público - Estadual",CE,59,"0,8244496583938599","2,5324861068787383","0,11814112216234207","4,316326530612244","0,05740920081734657","4,688622754491018","2,8670130509183465",3,
2016,30,"UNIVERSIDADE JOSÉ DO ROSÁRIO VELLANO",UNIFENAS,Universidade,"Privada sem fins lucrativos",MG,21,"0,966017484664917","2,868308499788264","0,026997985318303108","4,2976190476190474","0,006984553299844265","4,5","2,9182937080090383",3,
2016,32,"UNIVERSIDADE ESTADUAL DE CIÊNCIAS DA SAÚDE DE ALAGOAS - UNCISAL",UNCISAL,Universidade,"Pessoa Jurídica de Direito Público - Estadual",AL,6,1,"2,220433928967825",0,0,0,0,"2,220433928967825",3,
2016,40,"UNIVERSIDADE DO ESTADO DA BAHIA",UNEB,Universidade,"Pessoa Jurídica de Direito Público - Estadual",BA,202,"0,9531907439231873","2,289853863638411","0,03960784152150154","4,092849519743863","0,007201426196843386","4,5","2,377182860792045",3,
2016,43,"FUNDAÇÃO UNIVERSIDADE DO ESTADO DE SANTA CATARINA",UDESC,Universidade,"Pessoa Jurídica de Direito Público - Estadual",SC,35,"0,7612496018409729","3,142686990879065","0,1539381891489029","4,333693304535637","0,084812231361866","4,615384615384615","3,4509311879684312",4,
2016,47,"UNIVERSIDADE ESTADUAL DE GOIÁS",UEG,Universidade,"Pessoa Jurídica de Direito Público - Estadual",GO,123,"0,9715847373008728","2,2354308866117485","0,027454042807221413","4,045346062052507","0,0009611918940208852","4,5","2,2872969982036406",3,
2016,54,"UNIVERSIDADE ESTADUAL DE CAMPINAS",UNICAMP,Universidade,"Pessoa Jurídica de Direito Público - Estadual",SP,49,"0,2699449062347412","2,9778404535727736","0,26933708786964417","4,846500686139972","0,4607180058956146","4,91704288939052","4,374565438088106",5,
2016,56,"UNIVERSIDADE ESTADUAL PAULISTA JÚLIO DE MESQUITA FILHO",UNESP,Universidade,"Pessoa Jurídica de Direito Público - Estadual",SP,130,"0,4661279320716858","2,9013338936069295","0,25146591663360596","4,711428161743622","0,28240618109703064","4,852749003984063","3,907602683460294",4,
2016,57,"UNIVERSIDADE ESTADUAL DE MARINGÁ",UEM,Universidade,"Pessoa Jurídica de Direito Público - Estadual",PR,53,"0,6475042104721069","2,903881881660889","0,18468375504016876","4,577809798270893","0,1678120195865631","4,817294751009421","3,534122809604077",4,
2016,71,"UNIVERSIDADE DO ESTADO DO RIO GRANDE DO NORTE",UERN,Universidade,"Pessoa Jurídica de Direito Público - Estadual",RN,64,"0,920954167842865","2,4240438467831877","0,07249765843153","4,071533923303835","0,0065481760539114475","4,5","2,557076751635498",3,
2016,76,"UNIVERSIDADE REGIONAL DE BLUMENAU",FURB,Universidade,"Pessoa Jurídica de Direito Público - Municipal",SC,37,"0,917989194393158","2,4401694610638427","0,06311347335577011","4,41005291005291","0,018897349014878273","4,711764705882353","2,607422816703988",3,
2016,81,"UNIVERSIDADE DA REGIÃO DE JOINVILLE",UNIVILLE,Universidade,"Pessoa Jurídica de Direito Privado - Sem fins lucrativos - Sociedade",SC,35,"0,9539448022842407","2,4525168601136165","0,038989923894405365","4,105691056910569","0,007065288722515106","4,5","2,5314400923140528",3,
2016,82,"UNIVERSIDADE DO OESTE DE SANTA CATARINA",UNOESC,Universidade,"Pessoa Jurídica de Direito Público - Municipal",SC,73,"0,9782379269599915","2,5862265374285416","0,021762048825621605",4,0,0,"2,6169930819254996",3,
2016,83,"UNIVERSIDADE DO VALE DO ITAJAÍ",UNIVALI,Universidade,"Pessoa Jurídica de Direito Privado - Sem fins lucrativos - Fundação",SC,51,"0,9069151878356934","2,737210001818203","0,05715733766555786","4,542094455852156","0,03592747077345848","4,80204081632653","2,9145565305482206",3,
2016,95,"UNIVERSIDADE ESTADUAL DO VALE DO ACARAÚ",UVA,Universidade,"Pessoa Jurídica de Direito Público - Estadual",CE,24,"0,9918786287307739","2,250671640560837","0,008121393620967865",4,0,0,"2,2648786750465955",3,
2016,107,"UNIVERSIDADE FEDERAL DE SÃO JOÃO DEL REI",UFSJ,Universidade,"Pessoa Jurídica de Direito Público - Federal",MG,38,"0,8880625367164612","3,082632464087958","0,09353676438331604","4,185393258426966","0,01840067468583584","4,5","3,211861584973731",4,
2016,137,"UNIVERSIDADE DO SAGRADO CORAÇÃO",USC,Universidade,"Privada sem fins lucrativos",SP,35,"0,9643328785896301","2,9166465483245756","0,02679750882089138",4,"0,008869597688317299",4,"2,9552865878111816",4,
2016,140,"UNIVERSIDADE SEVERINO SOMBRA",USS,Universidade,"Privada sem fins lucrativos",RJ,14,"0,9781643152236938","2,5723617152525673","0,021835677325725555",4,0,0,"2,6035351450105764",3,"Conforme a Nota Técnica 55/2017/CGCQES/2017"
2016,143,"UNIVERSIDADE DE UBERABA",UNIUBE,Universidade,"Privada sem fins lucrativos",MG,48,"0,9942472577095032","2,353533495086122","0,005037701688706875",4,"0,0007150286110118032","4,5","2,3633626589212198",3,
2016,150,"UNIVERSIDADE DE SOROCABA",UNISO,Universidade,"Privada sem fins lucrativos",SP,47,"0,9689576029777527","2,351374081958811","0,02058599330484867","4,121710526315789","0,010456377640366554","4,5","2,4102849988397343",3,
2016,163,"UNIVERSIDADE ESTÁCIO DE SÁ",UNESA,Universidade,"Privada com fins lucrativos",RJ,279,"0,9942235946655273","3,115967943704156","0,0036708388943225145","4,636206896551724","0,00210557971149683","4,794520547945206","3,125082863642194",4,
2016,165,"UNIVERSIDADE VEIGA DE ALMEIDA",UVA,Universidade,"Privada com fins lucrativos",RJ,54,"0,9846017360687256","2,8298509932257447","0,011211637407541275","4,377777777777778","0,0041866241954267025","4,5","2,8541980667205324",3,
2016,167,"UNIVERSIDADE METODISTA DE SÃO PAULO",UMESP,Universidade,"Privada sem fins lucrativos",SP,42,"0,949492335319519","2,6945807769263164","0,029170745983719826","4,563909774436089","0,021336907520890236","4,646875","2,79076638944968",3,
2016,176,"UNIVERSIDADE CASTELO BRANCO",UCB,Universidade,"Privada sem fins lucrativos",RJ,38,1,"2,4241976749856318",0,0,0,0,"2,4241976749856318",3,
2016,203,"UNIVERSIDADE SÃO JUDAS TADEU",USJT,Universidade,"Privada com fins lucrativos",SP,38,"0,9925760626792908","3,18961534811866","0,005288951564580202",4,"0,002134989481419325",4,"3,195631607881053",4,
2016,208,"UNIVERSIDADE DE RIBEIRÃO PRETO",UNAERP,Universidade,"Privada sem fins lucrativos",SP,32,"0,9398387670516968","3,023717753709937","0,035495128482580185","4,28042328042328","0,024666104465723038","4,638888888888889","3,1081646577957405",4,
2016,221,"UNIVERSIDADE CRUZEIRO DO SUL",UNICSUL,Universidade,"Pessoa Jurídica de Direito Privado - Com fins lucrativos - Sociedade Civil",SP,65,"0,968498706817627","2,724545024585899","0,01728425733745098","4,474299065420561","0,014217027463018894","4,658783783783783","2,7822873264276096",3,
2016,227,"UNIVERSIDADE CATÓLICA DE SANTOS",UNISANTOS,Universidade,"Privada sem fins lucrativos",SP,31,"0,9344799518585205","2,8916340418301725","0,047502048313617706","4,5","0,018018018454313278","4,5","2,997014340657608",4,
2016,240,"UNIVERSIDADE SANTA ÚRSULA",USU,Universidade,"Privada sem fins lucrativos",RJ,7,"0,9698314070701599","2,1508376043373816","0,03016858920454979",4,0,0,"2,2066242170121337",3,
2016,266,"UNIVERSIDADE METODISTA DE PIRACICABA",UNIMEP,Universidade,"Privada sem fins lucrativos",SP,40,"0,9056457281112671","2,4518740241105728","0,055874064564704895","4,508771929824562","0,03848022595047951","4,5588235294117645","2,647877209197396",3,
2016,271,"UNIVERSIDADE DO OESTE PAULISTA",UNOESTE,Universidade,"Privada sem fins lucrativos",SP,42,"0,975280225276947","3,3176388024129984","0,019115814939141273","4,320855614973262","0,00560398492962122","4,5","3,3434421271027635",4,
2016,275,"UNIVERSIDADE DO VALE DO PARAÍBA",UNIVAP,Universidade,"Privada sem fins lucrativos",SP,35,"0,8754587769508362","2,531613551527402","0,06435038149356842","4,432624113475178","0,060190849006175995","4,5","2,772423176779852",3,
2016,295,"UNIVERSIDADE DE SANTA CRUZ DO SUL",UNISC,Universidade,"Privada sem fins lucrativos",RS,49,"0,914685070514679","2,7942337396890022","0,06298474222421646","4,392512077294687","0,022330179810523987","4,908602150537634","2,942115094766924",3,
2016,296,"UNIVERSIDADE DA REGIÃO DA CAMPANHA",URCAMP,Universidade,"Privada sem fins lucrativos",RS,40,1,"2,344091232048855",0,0,0,0,"2,344091232048855",3,
2016,298,"UNIVERSIDADE NORTE DO PARANÁ",UNOPAR,Universidade,"Privada com fins lucrativos",PR,50,"0,9985964298248291","2,583342725731371","0,0011362162185832858","4,122844827586206","0,00026734499260783195","4,5","2,585604318555831",3,
2016,308,"UNIVERSIDADE PRESIDENTE ANTÔNIO CARLOS",UNIPAC,Universidade,"Pessoa Jurídica de Direito Privado - Sem fins lucrativos - Fundação",MG,21,1,"2,066790901215969",0,0,0,0,"2,066790901215969",3,
2016,316,"UNIVERSIDADE NOVE DE JULHO",UNINOVE,Universidade,"Privada sem fins lucrativos",SP,108,"0,9858770966529846","3,0737978994273454","0,007897505536675453","4,422935779816514","0,006225369405001402","4,86254295532646","3,0955882347395294",4,
2016,319,"UNIVERSIDADE CAMILO CASTELO BRANCO",UNICASTELO,Universidade,"Pessoa Jurídica de Direito Privado - Sem fins lucrativos - Fundação",SP,42,"0,9682587385177612","2,5184850523209867","0,026199113577604294","4,055555555555556","0,005542119964957237",4,"2,5669656002162697",3,
2016,322,"UNIVERSIDADE PAULISTA",UNIP,Universidade,"Privada sem fins lucrativos",SP,610,"0,9974526762962341","2,8470587530361815","0,0015245135873556137","4,4573170731707314","0,0010228159371763468","4,644927536231884","2,8513525191408466",3,
2016,330,"UNIVERSIDADE IGUAÇU",UNIG,Universidade,"Privada sem fins lucrativos",RJ,27,1,"2,2336505455944815",0,0,0,0,"2,2336505455944815",3,
2016,338,"PONTIFÍCIA UNIVERSIDADE CATÓLICA DE MINAS GERAIS","PUC MINAS",Universidade,"Pessoa Jurídica de Direito Privado - Sem fins lucrativos - Fundação",MG,93,"0,9108647108078003","2,782135881034751","0,051172174513339996","4,674785100286533","0,03796309605240822","4,820224719101123","2,9563589676763757",4,
2016,355,"UNIVERSIDADE TUIUTI DO PARANÁ",UTP,Universidade,"Privada com fins lucrativos",PR,39,"0,9454486966133118","2,8926610781746884","0,03346244990825653","4,2404761904761905","0,021088873967528343","4,39908256880734","2,969531066081609",4,
2016,367,"UNIVERSIDADE ESTADUAL DE MONTES CLAROS",UNIMONTES,Universidade,"Pessoa Jurídica de Direito Público - Estadual",MG,43,"0,876792848110199","2,536487403393789","0,09334587305784225","4,229779411764706","0,029861275106668472","4,795918367346939","2,7620187044070175",3,
2016,375,"UNIVERSIDADE DE SANTO AMARO",UNISA,Universidade,"Privada sem fins lucrativos",SP,42,"0,9947665929794312","2,0275332221371083","0,005233380477875471",4,0,0,"2,0378558374494413",3,
2016,383,"UNIVERSIDADE DA AMAZÔNIA",UNAMA,Universidade,"Privada com fins lucrativos",PA,30,"0,973773181438446","2,4236166249039712","0,01909896731376648","4,114705882352941","0,007127844262868166","4,5","2,4707148037555773",3,
2016,385,"UNIVERSIDADE SALVADOR",UNIFACS,Universidade,"Pessoa Jurídica de Direito Privado - Com fins lucrativos - Sociedade Civil",BA,51,"0,9834346175193787","2,627666753145938","0,013892264105379581","4,116906474820144","0,002673147013410926","4,5","2,653360761954161",3,
2016,387,"UNIVERSIDADE CATÓLICA DOM BOSCO",UCDB,Universidade,"Privada sem fins lucrativos",MS,37,"0,9339443445205688","2,7785610161733105","0,035924989730119705","4,411764705882353","0,03013063594698906","4,5","2,8891018104723667",3,
2016,398,"UNIVERSIDADE TIRADENTES",UNIT,Universidade,"Privada com fins lucrativos",SE,52,"0,9760372638702393","2,871797424636021","0,013420430943369865","4,4021739130434785","0,010542314499616623","4,558441558441558","2,910116896269259",3,
2016,403,"UNIVERSIDADE CATÓLICA DE BRASÍLIA",UCB,Universidade,"Privada sem fins lucrativos",DF,44,"0,8979447484016418","2,6052111725092506","0,06820809096097946","4,564128256513026","0,0338471420109272","4,785365853658536","2,8126171237328053",3,
2016,409,"UNIVERSIDADE DE PERNAMBUCO",UPE,Universidade,"Pessoa Jurídica de Direito Público - Estadual",PE,46,"0,916427493095398","2,561942341303819","0,06451612710952759","4,157309941520467","0,01905636489391327","4,5","2,7018015759394602",3,
2016,417,"UNIVERSIDADE CIDADE DE SÃO PAULO",UNICID,Universidade,"Privada com fins lucrativos",SP,50,"0,9886294007301331","2,828494080647136","0,009401941671967506","4,305232558139535","0,0019686375744640827","4,5","2,8456688223998783",3,
2016,420,"UNIVERSIDADE DE MARÍLIA",UNIMAR,Universidade,"Privada com fins lucrativos",SP,22,"0,9614148139953613","2,9132876128533027","0,03858520835638046","4,5",0,0,"2,9745113060300605",4,
2016,423,"UNIVERSIDADE REGIONAL INTEGRADA DO ALTO URUGUAI E DAS MISSÕES",URI,Universidade,"Privada sem fins lucrativos",RS,66,"0,9540704488754272","2,586130900100276","0,03547995164990425","4,215686274509803","0,010449574328958988",5,"2,669171285544851",3,
2016,437,"UNIVERSIDADE PARANAENSE",UNIPAR,Universidade,"Privada sem fins lucrativos",PR,80,"0,9868133068084717","2,531836702519466","0,009638696908950806","4,117424242424242","0,003547986503690481","4,5","2,554102692297192",3,
2016,441,"UNIVERSIDADE DO CONTESTADO",UNC,Universidade,"Privada sem fins lucrativos",SC,58,"0,9949016571044922","2,64256809422079","0,0050983247347176075",4,0,0,"2,6494886748905944",3,
2016,446,"UNIVERSIDADE DE CRUZ ALTA",UNICRUZ,Universidade,"Privada sem fins lucrativos",RS,16,"0,9456290006637573","2,7274758369072045","0,054371003061532974",4,0,0,"2,796664262235237",3,
2016,449,"UNIVERSIDADE LUTERANA DO BRASIL",ULBRA,Universidade,"Pessoa Jurídica de Direito Privado - Sem fins lucrativos - Fundação",RS,145,"0,977898895740509","2,542176055860429","0,011787240393459797","4,396860986547085","0,010313834995031357","4,5","2,5842302727065727",3,
2016,457,"UNIVERSIDADE ANHANGUERA DE SÃO PAULO - UNIAN-SP","UNIAN - SP",Universidade,"Privada com fins lucrativos",SP,96,"0,9859336614608765","2,3251443010015524","0,005758919753134251","4,298165137614679","0,008307407610118389","4,910112359550562","2,35798112700686",3,
2016,458,"UNIVERSIDADE IBIRAPUERA",UNIB,Universidade,"Privada sem fins lucrativos",SP,17,"0,9929577708244324","2,5400893270701204","0,007042253389954567",4,0,0,"2,5503704494622976",3,
2016,466,"UNIVERSIDADE ANHEMBI MORUMBI",UAM,Universidade,"Privada com fins lucrativos",SP,59,"0,9886459112167358","3,0224270610996555","0,008270255289971828","4,451612903225807","0,003083823947235942","4,5","3,0388033388313618",4,
2016,472,"UNIVERSIDADE DO GRANDE RIO PROFESSOR JOSÉ DE SOUZA HERDY",UNIGRANRIO,Universidade,"Privada sem fins lucrativos",RJ,69,"0,9772306084632874","2,6976109325997806","0,018079351633787155","4,500000000000001","0,004690041299909353","4,5","2,738650241263334",3,
2016,481,"UNIVERSIDADE GUARULHOS",UNG,Universidade,"Pessoa Jurídica de Direito Privado - Com fins lucrativos - Sociedade Civil",SP,47,"0,986103892326355","2,2379520317564716","0,00983657781034708","4,307692307692308","0,00405954010784626",5,"2,2695238604616113",3,
2016,482,"UNIVERSIDADE DO EXTREMO SUL CATARINENSE",UNESC,Universidade,"Pessoa Jurídica de Direito Privado - Sem fins lucrativos - Associação de Utilidade Pública",SC,40,"0,9210062026977539","2,6457110837818227","0,049514561891555786","4,274861878453039","0,0294792577624321","4,907608695652174","2,7930568935040543",3,
2016,494,"UNIVERSIDADE DO SUL DE SANTA CATARINA",UNISUL,Universidade,"Privada sem fins lucrativos",SC,84,"0,9760012030601501","2,664825318114061","0,015651395544409752","4,275862068965517","0,008347411639988422","4,5","2,705359277339136",3,
2016,496,"UNIVERSIDADE DE FRANCA",UNIFRAN,Universidade,"Privada com fins lucrativos",SP,57,"0,9715205430984497","2,6950883387202285","0,01550272386521101","4,389204545454545","0,012976720929145813","4,8100000000000005","2,748796340257077",3,
2016,513,"UNIVERSIDADE VALE DO RIO DOCE",UNIVALE,Universidade,"Pessoa Jurídica de Direito Privado - Sem fins lucrativos - Fundação",MG,21,"0,9761748909950256","2,032976236358649","0,023825136944651604",4,0,0,"2,079840903701488",3,
2016,519,"UNIVERSIDADE CATÓLICA DO SALVADOR",UCSAL,Universidade,"Privada sem fins lucrativos",BA,33,"0,9400994777679443","2,0809307632141985","0,03503016009926796","4,496987951807228","0,024870356544852257","4,723958333333334","2,23129865973823",3,
2016,521,"UNIVERSIDADE DE MOGI DAS CRUZES",UMC,Universidade,"Privada com fins lucrativos",SP,49,"0,9817607998847961","2,429083246850523","0,012462559156119823","4,136612021857924","0,005776636768132448","4,318181818181818","2,4612760513054384",3,
2016,526,"UNIVERSIDADE BRAZ CUBAS",UBC,Universidade,"Pessoa Jurídica de Direito Privado - Com fins lucrativos - Sociedade Civil",SP,38,1,"2,4361770883219354",0,0,0,0,"2,4361770883219354",3,
2016,527,"PONTIFÍCIA UNIVERSIDADE CATÓLICA DE GOIÁS","PUC GOIÁS",Universidade,"Privada sem fins lucrativos",GO,40,"0,9575300812721252","2,3111424118805854","0,028917977586388588","4,182046979865772","0,013551967218518257","4,620588235294117","2,396542782603432",3,
2016,528,"PONTIFÍCIA UNIVERSIDADE CATÓLICA DO RIO DE JANEIRO",PUC-RIO,Universidade,"Privada sem fins lucrativos",RJ,40,"0,5580393075942993","2,841760598494975","0,23282374441623688","4,817655935613681","0,209136962890625","4,893571428571429","3,73090547723135",4,
2016,532,"UNIVERSIDADE REGIONAL DO NOROESTE DO ESTADO DO RIO GRANDE DO SUL",UNIJUI,Universidade,"Privada sem fins lucrativos",RS,47,"0,9245065450668335","2,884598490704951","0,053561121225357056","4,375471698113207","0,02193235605955124","4,5","2,9998809568553777",4,
2016,546,"PONTIFÍCIA UNIVERSIDADE CATÓLICA DE SÃO PAULO",PUCSP,Universidade,"Privada sem fins lucrativos",SP,43,"0,5608607530593872","2,908807078812395","0,2334476113319397","4,545118343195267","0,2056916207075119","4,669318746892094","3,6529224898153183",4,
2016,547,"UNIVERSIDADE DO ESTADO DO RIO DE JANEIRO",UERJ,Universidade,"Pessoa Jurídica de Direito Público - Estadual",RJ,53,"0,5853907465934753","2,8750085396429643","0,19885554909706116","4,590775125257885","0,2157537043094635","4,803733031674207","3,6323276998959377",4,
2016,548,"UNIVERSIDADE FEDERAL DO MARANHÃO",UFMA,Universidade,"Pessoa Jurídica de Direito Público - Federal",MA,44,"0,8754709959030151","2,7516174055406877","0,07878465950489044","4,205449826989619","0,04574437066912651","4,625","2,9518538774017644",4,
2016,549,"UNIVERSIDADE FEDERAL DO ACRE",UFAC,Universidade,"Pessoa Jurídica de Direito Público - Federal",AC,35,"0,9183135628700256","2,5390636850906825","0,06499780714511871","4,097979797979798","0,016688626259565353","4,5","2,673115137771249",3,
2016,550,"UNIVERSIDADE ESTADUAL DA PARAÍBA",UEPB,Universidade,"Pessoa Jurídica de Direito Público - Estadual",PB,41,"0,9267874360084534","2,655727721086466","0,06613785028457642","4,206758304696449","0,0070747132413089275","4,285714285714286","2,7698412359073203",3,
2016,555,"UNIVERSIDADE DE FORTALEZA",UNIFOR,Universidade,"Privada sem fins lucrativos",CE,29,"0,9294911026954651","2,5175654520793684","0,04795825108885765","4,4203216374269","0,022550662979483604","4,693548387096774","2,6578882109978075",3,
2016,568,"UNIVERSIDADE ESTADUAL DO MARANHÃO",UEMA,Universidade,"Pessoa Jurídica de Direito Público - Estadual",MA,114,"0,9715942740440369","2,1818610012895885","0,025076517835259438","4,0822942643391515","0,0033292165026068687","4,5","2,237234854803162",3,
2016,569,"UNIVERSIDADE FEDERAL DO PARÁ",UFPA,Universidade,"Pessoa Jurídica de Direito Público - Federal",PA,86,"0,7044565081596375","2,5683812964657102","0,17351876199245453","4,375061304561059","0,12202475219964981","4,6498823529411775","3,1358688828144565",4,
2016,570,"UNIVERSIDADE FEDERAL DO RIO GRANDE DO NORTE",UFRN,Universidade,"Pessoa Jurídica de Direito Público - Federal",RN,75,"0,6310856342315674","3,1002070046649868","0,20408163964748383","4,389101338432122","0,16483275592327118","4,637602179836513","3,6166598496925664",4,
2016,571,"UNIVERSIDADE FEDERAL DO PARANÁ",UFPR,Universidade,"Pessoa Jurídica de Direito Público - Federal",PR,68,"0,5824114680290222","3,0983063612113733","0,21997660398483276","4,560784816619645","0,1976119577884674","4,761240029006526","3,7486330753351504",4,
2016,572,"UNIVERSIDADE FEDERAL FLUMINENSE",UFF,Universidade,"Pessoa Jurídica de Direito Público - Federal",RJ,85,"0,6941644549369812","2,966282478876639","0,17398636043071747","4,417382617382615","0,13184918463230133","4,736852356836773","3,4522023053393602",4,
2016,573,"UNIVERSIDADE FEDERAL DO ESPÍRITO SANTO",UFES,Universidade,"Pessoa Jurídica de Direito Público - Federal",ES,79,"0,7235442996025085","2,926911345770137","0,18815968930721283","4,314671163575042","0,08829601109027863","4,622277227722773","3,337725846636312",4,
2016,574,"UNIVERSIDADE FEDERAL RURAL DO RIO DE JANEIRO",UFRRJ,Universidade,"Pessoa Jurídica de Direito Público - Federal",RJ,53,"0,800563633441925","3,1935935495895666","0,12118162214756012","4,270806658130601","0,07825474441051483","4,654083204930663","3,438422226174103",4,
2016,575,"UNIVERSIDADE FEDERAL DE MINAS GERAIS",UFMG,Universidade,"Pessoa Jurídica de Direito Público - Federal",MG,59,"0,4505924880504608","3,405790066222599","0,23192889988422394","4,848516746411481","0,31747859716415405","4,936522083580908","4,226374680747369",5,
2016,576,"UNIVERSIDADE FEDERAL DE JUIZ DE FORA",UFJF,Universidade,"Pessoa Jurídica de Direito Público - Federal",MG,52,"0,6921891570091248","3,34162895728037","0,1952991634607315","4,353294853294853","0,11251169443130493","4,64317673378076","3,6856458559852583",4,
2016,577,"UNIVERSIDADE FEDERAL DE ALAGOAS",UFAL,Universidade,"Pessoa Jurídica de Direito Público - Federal",AL,68,"0,8645282983779907","2,6897302657465145","0,09166606515645981","4,262191450933172","0,04380566254258156","4,588129496402877","2,91703230141325",3,
2016,578,"UNIVERSIDADE FEDERAL DA BAHIA",UFBA,Universidade,"Pessoa Jurídica de Direito Público - Federal",BA,59,"0,563628077507019","2,943380654034392","0,22224904596805573","4,495315877972615","0,21412289142608643","4,689845474613687","3,6622549179750523",4,
2016,579,"UNIVERSIDADE FEDERAL DA PARAÍBA",UFPB,Universidade,"Pessoa Jurídica de Direito Público - Federal",PB,62,"0,678471565246582","2,931224545600357","0,18502163887023926","4,434155766944113","0,1365068107843399","4,68733647305076","3,4490206255578735",4,
2016,580,"UNIVERSIDADE FEDERAL DE PERNAMBUCO",UFPE,Universidade,"Pessoa Jurídica de Direito Público - Federal",PE,63,"0,5489289164543152","3,037029452436429","0,21829834580421448","4,6056644880174265","0,23277270793914795","4,804709862086912","3,7909275510890907",4,
2016,581,"UNIVERSIDADE FEDERAL DO RIO GRANDE DO SUL",UFRGS,Universidade,"Pessoa Jurídica de Direito Público - Federal",RS,57,"0,38891398906707764","3,332975939241353","0,26143768429756165","4,8689812468322335","0,3496483266353607","4,946228206456067","4,298616565599003",5,
2016,582,"UNIVERSIDADE FEDERAL DE SANTA MARIA",UFSM,Universidade,"Pessoa Jurídica de Direito Público - Federal",RS,74,"0,5930376648902893","3,2501159399238073","0,22325284779071808","4,497818059751594","0,18370948731899261","4,770868347338936","3,8080456364752338",4,
2016,583,"UNIVERSIDADE FEDERAL DO CEARÁ",UFC,Universidade,"Pessoa Jurídica de Direito Público - Federal",CE,65,"0,5830710530281067","3,1656654296923232","0,2111700028181076","4,593651701458392","0,2057589292526245","4,748754448398575","3,792947948953879",4,
2016,584,"UNIVERSIDADE FEDERAL DE GOIÁS",UFG,Universidade,"Pessoa Jurídica de Direito Público - Federal",GO,94,"0,6443340182304382","2,8568106530770687","0,2113492786884308","4,373965172709107","0,14431673288345337","4,632144878324845","3,433670686763721",4,
2016,585,"UNIVERSIDADE FEDERAL DE SANTA CATARINA",UFSC,Universidade,"Pessoa Jurídica de Direito Público - Federal",SC,62,"0,469564825296402","3,23657050877725","0,2503533959388733","4,733076263924592","0,28008177876472473","4,891101588101839","4,074629814339206",5,
2016,586,"UNIVERSIDADE FEDERAL DO RIO DE JANEIRO",UFRJ,Universidade,"Pessoa Jurídica de Direito Público - Federal",RJ,67,"0,4475235939025879","3,1764068691065277","0,2351677119731903","4,782183169024147","0,3173086941242218","4,918970230862699","4,106964112246494",5,
2016,587,"UNIVERSIDADE FEDERAL RURAL DE PERNAMBUCO",UFRPE,Universidade,"Pessoa Jurídica de Direito Público - Federal",PE,37,"0,7003875970840454","2,986541276261299","0,15581685304641724","4,348962061560488","0,14379557967185974","4,732545045045044","3,449897108599023",4,
2016,588,"UNIVERSIDADE TECNOLÓGICA FEDERAL DO PARANÁ",UTFPR,Universidade,"Pessoa Jurídica de Direito Público - Federal",PR,72,"0,8317083716392517","3,263177910276291","0,12259431928396225","4,275335120643432","0,045697327703237534","4,753488372093023","3,455365900824232",4,
2016,589,"UNIVERSIDADE FEDERAL RURAL DO SEMI-ÁRIDO",UFERSA,Universidade,"Pessoa Jurídica de Direito Público - Federal",RN,15,"0,6911342144012451","3,11922182560002","0,18704399466514587","4,386792452830189","0,1218217983841896","4,692640692640692","3,5479900384718777",4,
2016,590,"UNIVERSIDADE FEDERAL RURAL DA AMAZÔNIA",UFRA,Universidade,"Pessoa Jurídica de Direito Público - Federal",PA,11,"0,8524166345596313","2,7919127456656696","0,09020418673753738","4,203629032258065","0,05737916752696037","4,5","3,0172640587169317",4,
2016,591,"UNIVERSIDADE FEDERAL DE SÃO PAULO",UNIFESP,Universidade,"Pessoa Jurídica de Direito Público - Federal",SP,31,"0,36815500259399414","3,060827214621892","0,30939343571662903","4,515554787417907","0,32245156168937683","4,810416666666668","4,075068227528062",5,
2016,592,"UNIVERSIDADE FEDERAL DE LAVRAS",UFLA,Universidade,"Pessoa Jurídica de Direito Público - Federal",MG,23,"0,5620701909065247","3,426501943331673","0,19905899465084076","4,609765940274413","0,2388707995414734","4,84391771019678","4,000620471424531",5,
2016,595,"UNIVERSIDADE FEDERAL DE ALFENAS",UNIFAL-MG,Universidade,"Pessoa Jurídica de Direito Público - Federal",MG,26,"0,8206772208213806","3,2551849896095066","0,14325787127017975","4,112157534246576","0,03606491535902023","4,5","3,4228472243315915",4,
2016,596,"UNIVERSIDADE FEDERAL DOS VALES DO JEQUITINHONHA E MUCURI",UFVJM,Universidade,"Pessoa Jurídica de Direito Público - Federal",MG,30,"0,822474479675293","3,226852520818311","0,14758144319057465","4,141630901287554","0,029944060370326042","4,5","3,3999799852901127",4,
2016,597,"UNIVERSIDADE FEDERAL DO TRIÂNGULO MINEIRO",UFTM,Universidade,"Pessoa Jurídica de Direito Público - Federal",MG,23,"0,8045656085014343","3,300390877382571","0,1455082893371582","4,353564547206165","0,049926094710826874","4,601449275362318","3,518593116665565",4,
2016,598,"UNIVERSIDADE FEDERAL DE ITAJUBÁ - UNIFEI",UNIFEI,Universidade,"Pessoa Jurídica de Direito Público - Federal",MG,22,"0,707642138004303","3,238802398006396","0,17978166043758392","4,401849217638691","0,1125762090086937","4,902826855123675","3,6352264756175123",4,
2016,599,"INSTITUTO FEDERAL DE EDUCAÇÃO, CIÊNCIA E TECNOLOGIA DA BAHIA",IFBA,"Instituto Federal de Educação, Ciência e Tecnologia","Pessoa Jurídica de Direito Público - Federal",BA,13,"0,9899884462356567","2,7571659201361327","0,010011551901698112","4,222222222222222",0,0,"2,771833402207756",3,
2016,600,"INSTITUTO FEDERAL DE EDUCAÇÃO, CIÊNCIA E TECNOLOGIA DO MARANHÃO",IFMA,"Instituto Federal de Educação, Ciência e Tecnologia","Pessoa Jurídica de Direito Público - Federal",MA,21,"0,9864077568054199","2,4862169866982136","0,013592232950031757",4,0,0,"2,5067926525806423",3,
2016,601,"INSTITUTO FEDERAL DE EDUCAÇÃO, CIÊNCIA E TECNOLOGIA DO RIO GRANDE DO SUL",IFRS,"Instituto Federal de Educação, Ciência e Tecnologia","Pessoa Jurídica de Direito Público - Federal",RS,21,"0,9698605537414551","2,9991187369377474","0,03013945184648037",4,0,0,"3,0292847663287388",4,
2016,605,"UNIVERSIDADE MUNICIPAL DE SÃO CAETANO DO SUL",USCS,Universidade,"Pessoa Jurídica de Direito Público - Municipal",SP,16,"0,9539295434951782","2,461551159848952","0,020245496183633804","4,283950617283951","0,02582496404647827",5,"2,5640019003102266",3,
2016,609,"UNIVERSIDADE ESTADUAL DO OESTE DO PARANÁ",UNIOESTE,Universidade,"Pessoa Jurídica de Direito Público - Estadual",PR,55,"0,706830620765686","3,008968501521117","0,208378866314888","4,238540994189799","0,08479052782058716","4,744652406417112","3,4123550228583417",4,
2016,634,"UNIVERSIDADE FEDERAL DE PELOTAS",UFPEL,Universidade,"Pessoa Jurídica de Direito Público - Federal",RS,54,"0,6991270184516907","2,9259084421446095","0,14691554009914398","4,37933025404157","0,15395745635032654","4,782704126426691","3,4253062767450944",4,
2016,663,"UNIVERSIDADE SALGADO DE OLIVEIRA",UNIVERSO,Universidade,"Pessoa Jurídica de Direito Privado - Sem fins lucrativos - Fundação",RJ,91,"0,9895696640014648","2,4788810389144182","0,008356461301445961","4,252747252747253","0,0020738663151860237","4,5","2,497895793038893",3,
2016,664,"UNIVERSIDADE VILA VELHA",UVV,Universidade,"Privada sem fins lucrativos",ES,30,"0,9667269587516785","3,2674119675018325","0,026039782911539078","4,078313253012048","0,007233273237943649","4,5","3,2974433556563176",4,
2016,665,"UNIVERSIDADE DE TAUBATÉ",UNITAU,Universidade,"Pessoa Jurídica de Direito Público - Municipal",SP,48,"0,9302401542663574","2,2744829107181457","0,06748066842556","4,1795081967213115","0,0022792022209614515","4,5","2,408107750541829",3,
2016,666,"UNIVERSIDADE ESTADUAL DE FEIRA DE SANTANA",UEFS,Universidade,"Pessoa Jurídica de Direito Público - Estadual",BA,24,"0,8092266321182251","2,4299392190472062","0,13864414393901825","4,1760143198090685","0,052129220217466354","4,64516129032258","2,7875000967774466",3,
2016,669,"UNIVERSIDADE NILTON LINS",UNINILTONLINS,Universidade,"Privada sem fins lucrativos",AM,27,"0,9971968531608582","2,2913836444296005","0,0019556714687496424",4,"0,0008474576170556247",4,"2,2961730759526775",3,
2016,670,"UNIVERSIDADE SÃO FRANCISCO",USF,Universidade,"Privada sem fins lucrativos",SP,30,"0,9403119087219238","2,6382497582728064","0,027151351794600487","4,674757281553398","0,03253674507141113","4,732323232323233","2,7616780399981007",3,
2016,671,"UNIVERSIDADE ANHANGUERA - UNIDERP",UNIDERP,Universidade,"Privada com fins lucrativos",MS,39,"0,9985492825508118","2,3741695358414385","0,0005392801249399781","4,325581395348838","0,0009114593267440796","4,5","2,377159553714132",3,
2016,688,"UNIVERSIDADE ESTADUAL DO SUDOESTE DA BAHIA",UESB,Universidade,"Pessoa Jurídica de Direito Público - Estadual",BA,39,"0,8133995532989502","2,750776572848051","0,13217109441757202","4,256380510440835","0,05442935228347778","4,6425531914893625","3,052742069056769",4,
2016,693,"UNIVERSIDADE FEDERAL DO ESTADO DO RIO DE JANEIRO",UNIRIO,Universidade,"Pessoa Jurídica de Direito Público - Federal",RJ,21,"0,7733926773071289","3,349404203827367","0,1460156887769699","4,330472103004292","0,0805916115641594","4,589795918367346","3,5926206012432504",4,
2016,694,"UNIVERSIDADE FEDERAL DE MATO GROSSO DO SUL",UFMS,Universidade,"Pessoa Jurídica de Direito Público - Federal",MS,100,"0,8173997402191162","2,789755375957354","0,11313044279813766","4,232080723729992","0,06946983188390732","4,547001620745544","3,0750019239845083",4,
2016,699,"FUNDAÇÃO UNIVERSIDADE FEDERAL DE RONDÔNIA",UNIR,Universidade,"Pessoa Jurídica de Direito Público - Federal",RO,52,"0,8669313788414001","2,59930593263712","0,11582529544830322","4,173482849604222","0,017243335023522377","4,335164835164835","2,8115674599505063",3,
2016,717,"FUNDAÇÃO UNIVERSIDADE FEDERAL DE CIÊNCIAS DA SAÚDE DE PORTO ALEGRE",UFCSPA,Universidade,"Pessoa Jurídica de Direito Público - Federal",RS,10,"0,6595590710639954","3,490181377307884","0,2226237803697586","4,199999999999999","0,11781713366508484","4,464497041420119","3,7629949092913995",4,
2016,718,"UNIVERSIDADE POTIGUAR",UNP,Universidade,"Pessoa Jurídica de Direito Privado - Com fins lucrativos - Sociedade Civil",RN,60,"0,9941045641899109","2,7461937067801876","0,005573867354542017","4,202702702702703","0,00032156927045434713","4,5","2,754876067172279",3,
2016,719,"UNIVERSIDADE DO ESTADO DE MATO GROSSO",UNEMAT,Universidade,"Pessoa Jurídica de Direito Público - Estadual",MT,58,"0,9348834156990051","2,4117981789090708","0,05228384584188461","4,266294227188082","0,012832730077207088","4,5","2,535555674513008",3,
2016,730,"UNIVERSIDADE ESTADUAL DE PONTA GROSSA",UEPG,Universidade,"Pessoa Jurídica de Direito Público - Estadual",PR,41,"0,8332433700561523","2,962591829296045","0,10484161227941513","4,28083109919571","0,06191504746675491","4,551987767584098","3,199205772977054",4,
2016,746,"UNIVERSIDADE REGIONAL DO CARIRI",URCA,Universidade,"Pessoa Jurídica de Direito Público - Estadual",CE,20,"0,9811156988143921","2,411807662839321","0,0188843235373497","4,385185185185185",0,0,"2,4490736163407356",3,
2016,756,"UNIVERSIDADE ESTADUAL DO PIAUÍ",UESPI,Universidade,"Pessoa Jurídica de Direito Público - Estadual",PI,98,"0,992237389087677","2,3955886438511813","0,007762614171952009","4,173913043478262",0,0,"2,4093930978467846",3,
2016,780,"UNIVERSIDADE DE CUIABÁ","UNIC / PITÁGORAS",Universidade,"Pessoa Jurídica de Direito Privado - Com fins lucrativos - Sociedade Civil",MT,31,"0,9930862784385681","2,6926787095071636","0,005973097402602434",4,"0,0009406452882103622","4,5","2,702187572062592",3,
2016,789,"UNIVERSIDADE FEDERAL DE RORAIMA",UFRR,Universidade,"Pessoa Jurídica de Direito Público - Federal",RR,30,"0,8919278383255005","2,416573369388132","0,08869895339012146","4,146814404432134","0,019373219460248947","4,5","2,610406646660658",3,
2016,823,"UNIVERSIDADE DO CEUMA - UNICEUMA",UNICEUMA,Universidade,"Privada sem fins lucrativos",MA,35,"0,9919344782829285","2,929639101985895","0,00806551706045866",4,0,0,"2,9382721024274807",3,
2016,829,"UNIVERSIDADE DO TOCANTINS",UNITINS,Universidade,"Pessoa Jurídica de Direito Público - Estadual",TO,16,1,"1,7097751580137752",0,0,0,0,"1,7097751580137752",2,
2016,830,"UNIVERSIDADE FEDERAL DO AMAPÁ",UNIFAP,Universidade,"Pessoa Jurídica de Direito Público - Federal",AP,23,"0,9245190620422363","2,3050854052261918","0,05754809081554413","4,2384937238493725","0,0179328341037035","4,5","2,4557103719748303",3,
2016,952,"UNIVERSIDADE SANTA CECÍLIA",UNISANTA,Universidade,"Privada sem fins lucrativos",SP,28,"0,977707028388977","2,9036858290175904","0,02229299396276474",4,0,0,"2,9281260191150307",3,
2016,953,"UNIVERSIDADE METROPOLITANA DE SANTOS",UNIMES,Universidade,"Privada sem fins lucrativos",SP,28,"0,9979579448699951","2,3254119183824558","0,0020420344080775976",4,0,0,"2,3288314366774587",3,
2016,1027,"UNIVERSIDADE ESTADUAL DO NORTE FLUMINENSE DARCY RIBEIRO",UENF,Universidade,"Pessoa Jurídica de Direito Público - Estadual",RJ,14,"0,5387768149375916","3,391572645855451","0,23707440495491028","4,582014388489208","0,22414879500865936","4,6048780487804875","3,9457569082053485",5,
2016,1028,"UNIVERSIDADE ESTADUAL DE MATO GROSSO DO SUL",UEMS,Universidade,"Pessoa Jurídica de Direito Público - Estadual",MS,48,"0,8848435878753662","2,462130734869052","0,10302049666643143","4,127257799671593","0,012135921977460384","4,5","2,658404390550886",3,
2016,1036,"UNIVERSIDADE DO ESTADO DE MINAS GERAIS",UEMG,Universidade,"Pessoa Jurídica de Direito Público - Estadual",MG,77,"0,9813998937606812","2,171155465562816","0,015359688550233841","4,2745098039215685","0,0032404407393187284","4,5","2,211008865861361",3,
2016,1042,"UNIVERSIDADE POSITIVO",UP,Universidade,"Privada com fins lucrativos",PR,50,"0,9546619057655334","2,980954795535259","0,02996441349387169","4,536945812807882","0,01537366583943367","4,5","3,0509324027183133",4,
2016,1082,"INSTITUTO FEDERAL DE EDUCAÇÃO, CIÊNCIA E TECNOLOGIA DO RIO GRANDE DO NORTE",IFRN,"Instituto Federal de Educação, Ciência e Tecnologia","Pessoa Jurídica de Direito Público - Federal",RN,19,"0,9418379068374634","2,6335388112782687","0,05816207826137543","4,130252100840336",0,0,"2,7205907275178323",3,
2016,1120,"INSTITUTO FEDERAL DE EDUCAÇÃO, CIÊNCIA E TECNOLOGIA FLUMINENSE","IF Fluminense","Instituto Federal de Educação, Ciência e Tecnologia","Pessoa Jurídica de Direito Público - Federal",RJ,14,"0,9408658742904663","2,8760767406396734","0,0591341070830822","4,083333333333333",0,0,"2,9474667276976736",4,
2016,1126,"UNIVERSIDADE ESTADUAL DO CENTRO OESTE",UNICENTRO,Universidade,"Pessoa Jurídica de Direito Público - Estadual",PR,50,"0,8698171377182007","3,3623309079898283","0,09979397058486938","4,116057233704292","0,03038887493312359","4,5","3,4721206781541323",4,
2016,1128,"UNIVERSIDADE DE ITAÚNA",UI,Universidade,"Privada sem fins lucrativos",MG,18,"0,9894407987594604","2,1887548355027078","0,01055919099599123",4,0,0,"2,2078800967123957",3,
2016,1153,"UNIVERSIDADE CÂNDIDO MENDES",UCAM,Universidade,"Privada sem fins lucrativos",RJ,56,"0,9775313138961792","2,1667479447176343","0,021325252950191498","4,097756410256411","0,0011434451444074512","4,5","2,210595160408495",3,
2016,1166,"INSTITUTO FEDERAL DE EDUCAÇÃO, CIÊNCIA E TECNOLOGIA  DA PARAÍBA",IFPB,"Instituto Federal de Educação, Ciência e Tecnologia","Pessoa Jurídica de Direito Público - Federal",PB,17,"0,9878446459770203","2,8850491642716265","0,012155351229012012",4,0,0,"2,898601775222251",3,
2016,1189,"UNIVERSIDADE DO PLANALTO CATARINENSE",UNIPLAC,Universidade,"Privada sem fins lucrativos",SC,23,"0,9722222089767456","2,3506448076589583","0,02777777798473835",4,0,0,"2,396460199360863",3,
2016,1303,"INSTITUTO FEDERAL DE EDUCAÇÃO, CIÊNCIA E TECNOLOGIA GOIANO","IF Goiano","Instituto Federal de Educação, Ciência e Tecnologia","Pessoa Jurídica de Direito Público - Federal",GO,20,"0,8291766047477722","3,1219366546459724","0,12230952829122543","4,073717948717949","0,04851383715867996","4,499999999999999","3,305203623450216",4,
2016,1557,"UNIVERSIDADE FUMEC",FUMEC,Universidade,"Privada sem fins lucrativos",MG,26,"0,9449148774147034","2,5089228522686606","0,050168443471193314","4,142191142191142","0,004916689358651638","4,5","2,6006509136722156",3,
2016,1578,"INSTITUTO FEDERAL DE EDUCAÇÃO, CIÊNCIA E TECNOLOGIA SUL-RIO-GRANDENSE",IFSul,"Instituto Federal de Educação, Ciência e Tecnologia","Pessoa Jurídica de Direito Público - Federal",RS,8,"0,8999999761581421","3,040344175332343","0,10000000149011612",4,0,0,"3,1363096912721193",4,
2016,1586,"UNIVERSIDADE DO VALE DO SAPUCAÍ",UNIVÁS,Universidade,"Privada sem fins lucrativos",MG,18,"0,9154201745986938","2,4747124330987824","0,06119119003415108","4,25503355704698","0,023388631641864777","4,5","2,631021096968189",3,
2016,1807,"INSTITUTO FEDERAL DE EDUCAÇÃO, CIÊNCIA E TECNOLOGIA DO CEARÁ",IFCE,"Instituto Federal de Educação, Ciência e Tecnologia","Pessoa Jurídica de Direito Público - Federal",CE,36,"0,9569681286811829","2,64860550609444","0,04303186014294624","4,037735849056603",0,0,"2,7083823391326374",3,
2016,1808,"INSTITUTO FEDERAL DE EDUCAÇÃO, CIÊNCIA E TECNOLOGIA DO ESPÍRITO SANTO",IFES,"Instituto Federal de Educação, Ciência e Tecnologia","Pessoa Jurídica de Direito Público - Federal",ES,24,"0,8963704705238342","2,882861497376913","0,10362953692674637","4,091428571428571",0,0,"3,008104765084791",4,
2016,1809,"INSTITUTO FEDERAL DE EDUCAÇÃO, CIÊNCIA E TECNOLOGIA DE PERNAMBUCO",IFPE,"Instituto Federal de Educação, Ciência e Tecnologia","Pessoa Jurídica de Direito Público - Federal",PE,14,"0,9796003103256226","2,6279922014521975","0,02039966732263565",4,0,0,"2,6559806453664314",3,
2016,1810,"INSTITUTO FEDERAL DE EDUCAÇÃO, CIÊNCIA E TECNOLOGIA DE SÃO PAULO",IFSP,"Instituto Federal de Educação, Ciência e Tecnologia","Pessoa Jurídica de Direito Público - Federal",SP,36,"0,9608150720596313","2,7921417237555626","0,03918495401740074","4,179347826086957",0,0,"2,846499403898845",3,
2016,1811,"INSTITUTO FEDERAL DE EDUCAÇÃO, CIÊNCIA E TECNOLOGIA DE GOIÁS",IFG,"Instituto Federal de Educação, Ciência e Tecnologia","Pessoa Jurídica de Direito Público - Federal",GO,16,"0,943631649017334","2,511094502992483","0,056368328630924225",4,0,0,"2,5950215612208565",3,
2016,1812,"INSTITUTO FEDERAL DE EDUCAÇÃO, CIÊNCIA E TECNOLOGIA  DO AMAZONAS",IFAM,"Instituto Federal de Educação, Ciência e Tecnologia","Pessoa Jurídica de Direito Público - Federal",AM,7,"0,9091726541519165","2,403901476426626","0,0908273383975029","4,147435897435898",0,0,"2,562262049380868",3,
2016,1813,"INSTITUTO FEDERAL DE EDUCAÇÃO, CIÊNCIA E TECNOLOGIA DO PARÁ",IFPA,"Instituto Federal de Educação, Ciência e Tecnologia","Pessoa Jurídica de Direito Público - Federal",PA,40,"0,977439820766449","2,0915111159588307","0,022560203447937965",4,0,0,"2,134567064105587",3,
2016,1820,"INSTITUTO FEDERAL DE EDUCAÇÃO, CIÊNCIA E TECNOLOGIA DO PIAUÍ",IFPI,"Instituto Federal de Educação, Ciência e Tecnologia","Pessoa Jurídica de Direito Público - Federal",PI,25,"0,9700815677642822","2,377752105632083","0,029918404296040535","4,197183098591549",0,0,"2,4321865112345646",3,
2016,2564,"UNIVERSIDADE FEDERAL DE CAMPINA GRANDE",UFCG,Universidade,"Pessoa Jurídica de Direito Público - Federal",PB,58,"0,7546926140785217","2,8518665785347315","0,13300704956054688","4,392779783393503","0,1123003289103508","4,623435722411831","3,2557666738386484",4,
2016,3151,"UNIVERSIDADE COMUNITÁRIA DA REGIÃO DE CHAPECÓ",UNOCHAPECÓ,Universidade,"Pessoa Jurídica de Direito Privado - Sem fins lucrativos - Fundação",SC,38,"0,9638082981109619","2,659208013369885","0,036191675812006","3,9999999999999996",0,0,"2,707733452937085",3,
2016,3160,"INSTITUTO FEDERAL DE EDUCAÇÃO, CIÊNCIA E TECNOLOGIA DE ALAGOAS",IFAL,"Instituto Federal de Educação, Ciência e Tecnologia","Pessoa Jurídica de Direito Público - Federal",AL,8,1,"2,258585043435602",0,0,0,0,"2,258585043435602",3,
2016,3161,"Instituto Federal de Educação, Ciência e Tecnologia do Sertão Pernambucano","IF Sertão","Instituto Federal de Educação, Ciência e Tecnologia","Pessoa Jurídica de Direito Público - Federal",PE,7,1,"2,4305336220028613",0,0,0,0,"2,4305336220028613",3,
2016,3162,"INSTITUTO FEDERAL DE EDUCAÇÃO, CIÊNCIA E TECNOLOGIA  DE SANTA CATARINA",IFSC,"Instituto Federal de Educação, Ciência e Tecnologia","Pessoa Jurídica de Direito Público - Federal",SC,7,"0,9333333373069763","2,50220628571086","0,06666667014360428",4,0,0,"2,6020592238474274",3,
2016,3163,"INSTITUTO FEDERAL DE EDUCAÇÃO, CIÊNCIA E TECNOLOGIA DO RIO DE JANEIRO",IFRJ,"Instituto Federal de Educação, Ciência e Tecnologia","Pessoa Jurídica de Direito Público - Federal",RJ,12,"0,9413919448852539","2,929961830292807","0,05860805884003639","4,220000000000001",0,0,"3,0055684741638578",4,
2016,3164,"INSTITUTO FEDERAL DE EDUCAÇÃO, CIÊNCIA E TECNOLOGIA DE MATO GROSSO",IFMT,"Instituto Federal de Educação, Ciência e Tecnologia","Pessoa Jurídica de Direito Público - Federal",MT,22,"0,9881433844566345","2,4667297400550754","0,011856642551720142",4,0,0,"2,484909244084737",3,
2016,3165,"INSTITUTO FEDERAL DE EDUCAÇÃO, CIÊNCIA E TECNOLOGIA  DO TRIÂNGULO MINEIRO",IFTM,"Instituto Federal de Educação, Ciência e Tecnologia","Pessoa Jurídica de Direito Público - Federal",MG,12,"0,9148014187812805","3,038848674328835","0,08519855886697769",4,0,0,"3,1207373142055426",4,
2016,3172,"UNIVERSIDADE DO ESTADO DO AMAZONAS",UEA,Universidade,"Pessoa Jurídica de Direito Público - Estadual",AM,73,"0,9284492135047913","2,4933947045860894","0,04490261524915695","4,210051546391752","0,02664819546043873","4,627586206896552","2,6273494989481225",3,
2016,3183,"INSTITUTO FEDERAL DE EDUCAÇÃO, CIÊNCIA E TECNOLOGIA DE SERGIPE",IFS,"Instituto Federal de Educação, Ciência e Tecnologia","Pessoa Jurídica de Direito Público - Federal",SE,5,"0,9876847267150879","3,027488714633538","0,012315270490944386",4,0,0,"3,039465445709616",4,
2016,3184,"INSTITUTO FEDERAL DE EDUCAÇÃO, CIÊNCIA E TECNOLOGIA DE RORAIMA",IFRR,"Instituto Federal de Educação, Ciência e Tecnologia","Pessoa Jurídica de Direito Público - Federal",RR,4,1,"2,198252438884635",0,0,0,0,"2,198252438884635",3,
2016,3188,"INSTITUTO FEDERAL DE EDUCAÇÃO, CIÊNCIA E TECNOLOGIA DO NORTE DE MINAS GERAIS",IFNMG,"Instituto Federal de Educação, Ciência e Tecnologia","Pessoa Jurídica de Direito Público - Federal",MG,16,1,"2,4481601027468343",0,0,0,0,"2,4481601027468343",3,
2016,3189,"INSTITUTO FEDERAL DE EDUCAÇÃO, CIÊNCIA E TECNOLOGIA DE MINAS GERAIS",IFMG,"Instituto Federal de Educação, Ciência e Tecnologia","Pessoa Jurídica de Direito Público - Federal",MG,24,"0,9861205220222473","2,8041408626520745","0,013879485428333282",4,0,0,"2,8207387930157117",3,
2016,3279,"INSTITUTO FEDERAL DE EDUCAÇÃO, CIÊNCIA E TECNOLOGIA DO SUDESTE DE MINAS GERAIS",IFSEMG,"Instituto Federal de Educação, Ciência e Tecnologia","Pessoa Jurídica de Direito Público - Federal",MG,17,"0,982758641242981","2,887936633999542","0,017241379246115685",4,0,0,"2,9071101994096806",3,
2016,3336,"UNIVERSIDADE ESTADUAL DO RIO GRANDE DO SUL",UERGS,Universidade,"Pessoa Jurídica de Direito Público - Estadual",RS,15,"0,98758864402771","3,2396086929618653","0,012411347590386868",4,0,0,"3,2490461466241376",4,
2016,3849,"FUNDAÇÃO UNIVERSIDADE FEDERAL DO TOCANTINS",UFT,Universidade,"Pessoa Jurídica de Direito Público - Federal",TO,53,"0,9000170230865479","2,6673378827477787","0,077132947742939","4,188133874239351","0,022849997505545616","4,5","2,826517600833723",3,
2016,3974,"UNIVERSIDADE DE RIO VERDE",FESURV,Universidade,"Pessoa Jurídica de Direito Público - Municipal",GO,24,"0,9944751262664795","2,456773068254204","0,005524862091988325",4,0,0,"2,465299155628139",3,
2016,3984,"FUNDAÇÃO UNIVERSIDADE FEDERAL DO VALE DO SÃO FRANCISCO",UNIVASF,Universidade,"Pessoa Jurídica de Direito Público - Federal",PE,18,"0,8898467421531677","3,0893455440949795","0,11015325784683228","4,080808080808081",0,0,"3,198558372547012",4,
2016,4098,"INSTITUTO FEDERAL DE EDUCAÇÃO, CIÊNCIA E TECNOLOGIA FARROUPILHA",IFFarroupilha,"Instituto Federal de Educação, Ciência e Tecnologia","Pessoa Jurídica de Direito Público - Federal",RS,16,1,"3,0901431148831446",0,0,0,0,"3,0901431148831446",4,
2016,4358,"INSTITUTO FEDERAL DE EDUCAÇÃO, CIÊNCIA E TECNOLOGIA DO SUL DE MINAS GERAIS","IF SUL DE MINAS","Instituto Federal de Educação, Ciência e Tecnologia","Pessoa Jurídica de Direito Público - Federal",MG,13,"0,9890410900115967","2,926850535745463","0,010958904400467873",4,0,0,"2,93861106177659",3,
2016,4503,"UNIVERSIDADE FEDERAL DO RECÔNCAVO DA BAHIA",UFRB,Universidade,"Pessoa Jurídica de Direito Público - Federal",BA,24,"0,8505708575248718","2,77025233357635","0,10258562862873077","4,152777777777779","0,0468435175716877","4,86764705882353","3,010328932351844",4,
2016,4504,"FUNDAÇÃO UNIVERSIDADE FEDERAL DA GRANDE DOURADOS",UFGD,Universidade,"Pessoa Jurídica de Direito Público - Federal",MS,29,"0,7119194865226746","2,83865290155724","0,19040247797966003","4,316733067729083","0,09767802059650421","4,614840989399293","3,293577522177223",4,
2016,4785,"INSTITUTO FEDERAL DE EDUCAÇÃO CIÊNCIA E TECNOLOGIA DE RONDÔNIA",IFRO,"Instituto Federal de Educação, Ciência e Tecnologia","Pessoa Jurídica de Direito Público - Federal",RO,6,1,"2,828938474241568",0,0,0,0,"2,828938474241568",3,
2016,4786,"INSTITUTO FEDERAL DE EDUCAÇÃO, CIÊNCIA E TECNOLOGIA DO TOCANTINS",IFTO,"Instituto Federal de Educação, Ciência e Tecnologia","Pessoa Jurídica de Direito Público - Federal",TO,11,1,"2,4615509807134477",0,0,0,0,"2,4615509807134477",3,
2016,4925,"FUNDAÇÃO UNIVERSIDADE FEDERAL DO ABC",UFABC,Universidade,"Pessoa Jurídica de Direito Público - Federal",SP,18,"0,5080946683883667","3,8762798102059985","0,32689914107322693","4,274336283185841","0,16500622034072876","4,483910891089109","4,106667152861961",5,
2016,5036,"INSTITUTO FEDERAL DE EDUCAÇÃO, CIÊNCIA E TECNOLOGIA CATARINENSE","IF Catarinense","Instituto Federal de Educação, Ciência e Tecnologia","Pessoa Jurídica de Direito Público - Federal",SC,16,"0,9909670352935791","3,133114763076931","0,009032943286001682",4,0,0,"3,1409452211448974",4,
2016,5077,"UNIVERSIDADE ESTADUAL DE RORAIMA",UERR,Universidade,"Pessoa Jurídica de Direito Público - Estadual",RR,19,"0,965272068977356","2,0435250080023706","0,03472791984677315",4,0,0,"2,1114692918685085",3,
2016,5242,"UNIVERSIDADE ESTADUAL DE ALAGOAS - UNEAL",UNEAL,Universidade,"Pessoa Jurídica de Direito Público - Estadual",AL,25,"0,9979757070541382","2,0737738651320603","0,0020242915488779545",4,0,0,"2,0776731055210726",3,
2016,5322,"FUNDAÇÃO UNIVERSIDADE FEDERAL DO PAMPA - UNIPAMPA",UNIPAMPA,Universidade,"Pessoa Jurídica de Direito Público - Federal",RS,35,"0,9215402603149414","3,1354744711248705","0,06427330523729324","4,05919395465995","0,014186450280249119","4,5","3,214202798657622",4,
2016,5701,"UNIVERSIDADE DO ESTADO DO AMAPÁ",UEAP,Universidade,"Pessoa Jurídica de Direito Público - Estadual",AP,8,1,"2,283096816381141",0,0,0,0,"2,283096816381141",3,
2016,14408,"INSTITUTO FEDERAL DE EDUCAÇÃO, CIENCIA E TECNOLOGIA DE BRASILIA",IFB,"Instituto Federal de Educação, Ciência e Tecnologia","Pessoa Jurídica de Direito Público - Federal",DF,1,1,"3,336500254668775",0,0,0,0,"3,336500254668775",4,
2016,14509,"INSTITUTO FEDERAL DE EDUCAÇÃO, CIÊNCIA E TECNOLOGIA BAIANO",IFBAIANO,"Instituto Federal de Educação, Ciência e Tecnologia","Pessoa Jurídica de Direito Público - Federal",BA,9,"0,9777777791023254","2,989588094197405","0,02222222276031971",4,0,0,"3,012041698216371",4,
2016,14724,"INSTITUTO FEDERAL DE EDUCAÇÃO, CIÊNCIA E TECNOLOGIA DO PARANÁ",IFPR,"Instituto Federal de Educação, Ciência e Tecnologia","Pessoa Jurídica de Direito Público - Federal",PR,17,1,"2,475076325957681",0,0,0,0,"2,475076325957681",3,
2016,15001,"UNIVERSIDADE FEDERAL DA INTEGRAÇÃO LATINO-AMERICANA",UNILA,Universidade,"Pessoa Jurídica de Direito Público - Federal",PR,4,"0,7653061151504517","2,645415444359322","0,23469388484954834",4,0,0,"2,963328156079832",4,
2016,15015,"Universidade Estadual do Norte do Paraná",UENP,Universidade,"Pessoa Jurídica de Direito Público - Estadual",PR,26,"0,9466361999511719","2,7821535835347864","0,05128737539052963","4,253048780487805","0,0020764118526130915","4,5","2,8611588586937766",3,
2016,15032,"UNIVERSIDADE ALTO VALE DO RIO DO PEIXE",UNIARP,Universidade,"Privada sem fins lucrativos",SC,26,"0,9790419340133667","2,4830913054002073","0,020958084613084793",4,0,0,"2,5148828524231335",3,
2016,15059,"UNIVERSIDADE FEDERAL DO OESTE DO PARÁ",UFOPA,Universidade,"Pessoa Jurídica de Direito Público - Federal",PA,14,"0,8406935930252075","2,267290612983003","0,12137632071971893","4,174698795180723","0,03793010115623474","4,5","2,583491726936142",3,
2016,15121,"UNIVERSIDADE FEDERAL DA FRONTEIRA SUL",UFFS,Universidade,"Pessoa Jurídica de Direito Público - Federal",SC,35,"0,9391188025474548","3,431616899302462","0,06088121607899666","4,042440318302387",0,0,"3,4688046357795534",4,
2016,15497,"UNIVERSIDADE DA INTEGRAÇÃO INTERNACIONAL DA LUSOFONIA AFRO-BRASILEIRA",UNILAB,Universidade,"Pessoa Jurídica de Direito Público - Federal",CE,3,"0,9388609528541565","3,339728145850205","0,061139028519392014",4,0,0,"3,3800964633643367",4,
2016,15507,"Instituto Federal de Educação, Ciência e Tecnologia do Acre",IFAC,"Instituto Federal de Educação, Ciência e Tecnologia","Pessoa Jurídica de Direito Público - Federal",AC,5,1,"2,0761643191991372",0,0,0,0,"2,0761643191991372",3,
2016,15520,"INSTITUTO FEDERAL DE EDUCAÇÃO, CIÊNCIA E TECNOLOGIA DE MATO GROSSO DO SUL",IFMS,"Instituto Federal de Educação, Ciência e Tecnologia","Pessoa Jurídica de Direito Público - Federal",MS,4,1,"3,09690649070486",0,0,0,0,"3,09690649070486",4,
2016,15522,"INSTITUTO FEDERAL DE EDUCAÇÃO, CIÊNCIA E TECNOLOGIA DO AMAPÁ",IFAP,"Instituto Federal de Educação, Ciência e Tecnologia","Pessoa Jurídica de Direito Público - Federal",AP,3,1,"2,1180296634890237",0,0,0,0,"2,1180296634890237",3,
2016,18440,"UNIVERSIDADE FEDERAL DO SUL E SUDESTE DO PARÁ",UNIFESSPA,Universidade,"Pessoa Jurídica de Direito Público - Federal",PA,11,"0,9338810443878174","2,149937230321065","0,06611893326044083","4,282407407407407",0,0,"2,2909338355848754",3,
2016,18492,"Universidade Estadual do Paraná",UNESPAR,Universidade,"Pessoa Jurídica de Direito Público - Estadual",PR,48,"0,9892099499702454","2,6070711783909344","0,010790028609335423","4,08",0,0,"2,6229640666710536",3,
2016,18506,"UNIVERSIDADE FEDERAL DO OESTE DA BAHIA",UFOB,Universidade,"Pessoa Jurídica de Direito Público - Federal",BA,8,"0,9094650149345398","2,9798048873653435","0,09053497761487961",4,0,0,"3,072168206849255",4,
2016,18759,"UNIVERSIDADE FEDERAL DO CARIRI",UFCA,Universidade,"Pessoa Jurídica de Direito Público - Federal",CE,10,"0,9250734448432922","2,4513534801292134","0,07492654025554657","4,257425742574258",0,0,"2,5866761896777146",3,
